2,NodeCounterV1,0
4,NodeCounterV1,0
6,NodeCounterV1,0
8,NodeCounterV1,0
10,NodeCounterV1,0
12,NodeGt,0
14,NodeGt,0
15,NodeAnd,0
17,NodeLt,0
18,NodeAnd,0
20,NodeLt,0
21,NodeAnd,0
23,NodeEq,0
24,NodeAnd,0
26,NodeEq,0
27,NodeAnd,0
158,NodeAnd,0
30,NodeInput,0
39,NodeSlice,0
40,NodeReinterpret,0
70,NodeStreamOffset,0
60,NodeStreamOffset,0
50,NodeStreamOffset,0
140,NodeGt,0
141,NodeEq,0
142,NodeOr,0
143,NodeMux,0
144,NodeGt,0
145,NodeEq,0
146,NodeOr,0
147,NodeMux,0
148,NodeGt,0
149,NodeEq,0
150,NodeOr,0
151,NodeMux,0
153,NodeLt,0
155,NodeMux,0
167,NodeReinterpret,0
37,NodeSlice,0
38,NodeReinterpret,0
69,NodeStreamOffset,0
59,NodeStreamOffset,0
49,NodeStreamOffset,0
124,NodeGt,0
125,NodeEq,0
126,NodeOr,0
127,NodeMux,0
128,NodeGt,0
129,NodeEq,0
130,NodeOr,0
131,NodeMux,0
132,NodeGt,0
133,NodeEq,0
134,NodeOr,0
135,NodeMux,0
137,NodeLt,0
139,NodeMux,0
165,NodeReinterpret,0
35,NodeSlice,0
36,NodeReinterpret,0
68,NodeStreamOffset,0
58,NodeStreamOffset,0
48,NodeStreamOffset,0
108,NodeGt,0
109,NodeEq,0
110,NodeOr,0
111,NodeMux,0
112,NodeGt,0
113,NodeEq,0
114,NodeOr,0
115,NodeMux,0
116,NodeGt,0
117,NodeEq,0
118,NodeOr,0
119,NodeMux,0
121,NodeLt,0
123,NodeMux,0
163,NodeReinterpret,0
33,NodeSlice,0
34,NodeReinterpret,0
67,NodeStreamOffset,0
57,NodeStreamOffset,0
47,NodeStreamOffset,0
92,NodeGt,0
93,NodeEq,0
94,NodeOr,0
95,NodeMux,0
96,NodeGt,0
97,NodeEq,0
98,NodeOr,0
99,NodeMux,0
100,NodeGt,0
101,NodeEq,0
102,NodeOr,0
103,NodeMux,0
105,NodeLt,0
107,NodeMux,0
161,NodeReinterpret,0
31,NodeSlice,0
32,NodeReinterpret,0
66,NodeStreamOffset,0
56,NodeStreamOffset,0
46,NodeStreamOffset,0
76,NodeGt,0
77,NodeEq,0
78,NodeOr,0
79,NodeMux,0
80,NodeGt,0
81,NodeEq,0
82,NodeOr,0
83,NodeMux,0
84,NodeGt,0
85,NodeEq,0
86,NodeOr,0
87,NodeMux,0
89,NodeLt,0
91,NodeMux,0
160,NodeReinterpret,0
162,NodeCat,0
164,NodeCat,0
166,NodeCat,0
168,NodeCat,0
159,NodeOutput,0
299,NodeAnd,0
171,NodeInput,0
180,NodeSlice,0
181,NodeReinterpret,0
211,NodeStreamOffset,0
201,NodeStreamOffset,0
191,NodeStreamOffset,0
281,NodeGt,0
282,NodeEq,0
283,NodeOr,0
284,NodeMux,0
285,NodeGt,0
286,NodeEq,0
287,NodeOr,0
288,NodeMux,0
289,NodeGt,0
290,NodeEq,0
291,NodeOr,0
292,NodeMux,0
294,NodeLt,0
296,NodeMux,0
308,NodeReinterpret,0
178,NodeSlice,0
179,NodeReinterpret,0
210,NodeStreamOffset,0
200,NodeStreamOffset,0
190,NodeStreamOffset,0
265,NodeGt,0
266,NodeEq,0
267,NodeOr,0
268,NodeMux,0
269,NodeGt,0
270,NodeEq,0
271,NodeOr,0
272,NodeMux,0
273,NodeGt,0
274,NodeEq,0
275,NodeOr,0
276,NodeMux,0
278,NodeLt,0
280,NodeMux,0
306,NodeReinterpret,0
176,NodeSlice,0
177,NodeReinterpret,0
209,NodeStreamOffset,0
199,NodeStreamOffset,0
189,NodeStreamOffset,0
249,NodeGt,0
250,NodeEq,0
251,NodeOr,0
252,NodeMux,0
253,NodeGt,0
254,NodeEq,0
255,NodeOr,0
256,NodeMux,0
257,NodeGt,0
258,NodeEq,0
259,NodeOr,0
260,NodeMux,0
262,NodeLt,0
264,NodeMux,0
304,NodeReinterpret,0
174,NodeSlice,0
175,NodeReinterpret,0
208,NodeStreamOffset,0
198,NodeStreamOffset,0
188,NodeStreamOffset,0
233,NodeGt,0
234,NodeEq,0
235,NodeOr,0
236,NodeMux,0
237,NodeGt,0
238,NodeEq,0
239,NodeOr,0
240,NodeMux,0
241,NodeGt,0
242,NodeEq,0
243,NodeOr,0
244,NodeMux,0
246,NodeLt,0
248,NodeMux,0
302,NodeReinterpret,0
172,NodeSlice,0
173,NodeReinterpret,0
207,NodeStreamOffset,0
197,NodeStreamOffset,0
187,NodeStreamOffset,0
217,NodeGt,0
218,NodeEq,0
219,NodeOr,0
220,NodeMux,0
221,NodeGt,0
222,NodeEq,0
223,NodeOr,0
224,NodeMux,0
225,NodeGt,0
226,NodeEq,0
227,NodeOr,0
228,NodeMux,0
230,NodeLt,0
232,NodeMux,0
301,NodeReinterpret,0
303,NodeCat,0
305,NodeCat,0
307,NodeCat,0
309,NodeCat,0
300,NodeOutput,0
312,NodeCounterV1,0
313,NodeStreamOffset,0
315,NodeOutputMappedReg,0
318,NodeCounterV1,0
321,NodeEq,0
319,NodeFlush,0
